{"loss_train": 696.5223285645781, "_timestamp": 1653960460, "_runtime": 1147, "_step": 47, "regularizer_train": 618.5757224106134, "acc_train": 0.79646, "loss_validation": 3567.0681353218947, "acc_validation": -27.265984654731458}